"","ticker","name","sector","industry","PE_ratio","market_cap","short_name"
"1","AAL","American Airlines Group, Inc.","Industrials","Airlines",5.748954,8979647157,"Ameri. Air."
"2","AAPL","Apple Inc.","Technology","Consumer Electronics",31.40783,2994371342560,"Apple"
"3","ABBV","AbbVie Inc.","Healthcare","Drug Manufacturers—General",42.457534,273605334132,"AbbVie"
"4","ABT","Abbott Laboratories","Healthcare","Medical Devices",37.438776,191087963057,"Abbott Lab."
"5","ACGL","Arch Capital Group Ltd.","Financial Services","Insurance—Diversified",9.583226,27715477681,"Arch Capit."
"6","ACN","Accenture plc","Technology","Information Technology Services",30.932219,208876066241,"Accenture"
"7","ADBE","Adobe Inc.","Technology","Software—Infrastructure",54.946942,278192853000,"Adobe"
"8","ADI","Analog Devices, Inc.","Technology","Semiconductors",29.367939,95385475486,"Analog Dev."
"9","ADM","Archer-Daniels-Midland Company","Consumer Defensive","Farm Products",10.044506,38520794236,"Arch. Da. Mi."
"10","ADP","Automatic Data Processing, Inc.","Industrials","Staffing & Employment Services",27.668646,95821675062,"Auto. Da. Pr."
"11","ADSK","Autodesk, Inc.","Technology","Software—Application",49.039702,42292820000,"Autodesk"
"12","AEE","Ameren Corporation","Utilities","Utilities—Regulated Electric",16.403628,19021444772,"Ameren"
"13","AEP","American Electric Power Company","Utilities","Utilities—Regulated Electric",18.62844,42711651075,"Amer. El. Po."
"14","AFL","AFLAC Incorporated","Financial Services","Insurance—Life",11.30137,48211340842,"AFLAC orpo."
"15","AIG","American International Group, I","Financial Services","Insurance—Diversified",11.762153,47563233238,"Amer. In. I"
"16","AIZ","Assurant, Inc.","Financial Services","Insurance—Specialty",17.157841,8860993563,"Assurant"
"17","AJG","Arthur J. Gallagher & Co.","Financial Services","Insurance Brokers",43.246154,48554065680,"Arth. J Gall."
"18","AKAM","Akamai Technologies, Inc.","Technology","Software—Infrastructure",35.755287,17850916072,"Akamai Tec."
"19","ALB","Albemarle Corporation","Basic Materials","Specialty Chemicals",5.121588,16955200738,"Albemarle"
"20","ALGN","Align Technology, Inc.","Healthcare","Medical Devices",58.050847,20985417236,"Align Tech."
"21","ALLE","Allegion plc","Industrials","Security & Protection Services",20.045886,11121806736,"Allegion"
"22","AMAT","Applied Materials, Inc.","Technology","Semiconductor Equipment & Materials",20.25894,136707794815,"Appli. Mat."
"23","AMCR","Amcor plc","Consumer Cyclical","Packaging & Containers",14.717557,13933108563,"Amcor"
"24","AMD","Advanced Micro Devices, Inc.","Technology","Semiconductors",1340.090909,238140691522,"Adva. Mi. De."
"25","AME","AMETEK, Inc.","Industrials","Specialty Industrial Machinery",29.871377,38056390552,"AMETEK"
"26","AMGN","Amgen Inc.","Healthcare","Drug Manufacturers—General",20.485064,154141975336,"Amgen"
"27","AMP","Ameriprise Financial, Inc.","Financial Services","Asset Management",18.313886,38437349607,"Ameri. Fin."
"28","AMT","American Tower Corporation (REI","Real Estate","REIT—Specialty",143.92,100635725673,"Amer. To. REI"
"29","AMZN","Amazon.com, Inc.","Consumer Cyclical","Internet Retail",79.549738,1570152607236,"Amazon com"
"30","ANET","Arista Networks, Inc.","Technology","Computer Hardware",39.186356,73267194442,"Arista Net."
"31","ANSS","ANSYS, Inc.","Technology","Software—Application",65.620253,31524402752,"ANSYS"
"32","AON","Aon plc","Financial Services","Insurance Brokers",22.097191,58266960721,"Aon"
"33","AOS","A.O. Smith Corporation","Industrials","Specialty Industrial Machinery",41.014925,12260512083,"A O Smith"
"34","APA","APA Corporation","Energy","Oil & Gas E&P",7.161677,11005092825,"APA"
"35","APD","Air Products and Chemicals, Inc","Basic Materials","Specialty Chemicals",26.582524,60846055696,"Air Pr. and"
"36","APH","Amphenol Corporation","Technology","Electronic Components",31.977419,59310493199,"Amphenol"
"37","APTV","Aptiv PLC","Consumer Cyclical","Auto Parts",11.173101,25378392008,"Aptiv"
"38","ARE","Alexandria Real Estate Equities","Real Estate","REIT—Office",91.862319,22029514557,"Alex. Re. Es."
"39","ATO","Atmos Energy Corporation","Utilities","Utilities—Regulated Gas",19,17481607054,"Atmos Ener."
"40","AVB","AvalonBay Communities, Inc.","Real Estate","REIT—Residential",28.452888,26588069268,"Avalo. Com."
"41","AVGO","Broadcom Inc.","Technology","Semiconductors",35.77926,552405871420,"Broadcom"
"42","AVY","Avery Dennison Corporation","Consumer Cyclical","Packaging & Containers",34.03367,16280203160,"Avery Denn."
"43","AWK","American Water Works Company, I","Utilities","Utilities—Regulated Water",27.270661,25699112554,"Amer. Wa. Wo."
"44","AXON","Axon Enterprise, Inc.","Industrials","Aerospace & Defense",131.80102,19357656562,"Axon Enter."
"45","AXP","American Express Company","Financial Services","Credit Services",17.557638,136523196395,"Ameri. Exp."
"46","AZO","AutoZone, Inc.","Consumer Cyclical","Specialty Retail",19.718419,45219647180,"AutoZone"
"47","BAC","Bank of America Corporation","Financial Services","Banks—Diversified",9.431373,266455356911,"Bank of Amer."
"48","BALL","Ball Corporation","Consumer Cyclical","Packaging & Containers",29.958333,18136125829,"Ball"
"49","BAX","Baxter International Inc.","Healthcare","Medical Instruments & Supplies",84.043478,19613126857,"Baxter Int."
"50","BBWI","Bath & Body Works, Inc.","Consumer Cyclical","Specialty Retail",9.817881,6730550000,"Bath Bo. Wor."
"51","BBY","Best Buy Co., Inc.","Consumer Cyclical","Specialty Retail",11.52069,14453166000,"Best Buy Co"
"52","BDX","Becton, Dickinson and Company","Healthcare","Medical Instruments & Supplies",47.809804,70599084135,"Bect. Di. and"
"53","BEN","Franklin Resources, Inc.","Financial Services","Asset Management",17.319767,14761747840,"Frank. Res."
"54","BG","Bunge Limited","Consumer Defensive","Farm Products",8.365533,16307038392,"Bunge Limi."
"55","BIIB","Biogen Inc.","Healthcare","Drug Manufacturers—General",25.722664,37495284442,"Biogen"
"56","BK","The Bank of New York Mellon Cor","Financial Services","Asset Management",12.189696,40030264119,"The Ba. of"
"57","BKNG","Booking Holdings Inc. Common St","Consumer Cyclical","Travel Services",25.091745,123762055303,"Book. Ho. Co."
"58","BKR","Baker Hughes Company","Energy","Oil & Gas Equipment & Services",20.467066,34393074462,"Baker Hugh."
"59","BLDR","Builders FirstSource, Inc.","Industrials","Building Products & Equipment",13.981575,20591510618,"Build. Fir."
"60","BLK","BlackRock, Inc.","Financial Services","Asset Management",34.841202,120765373957,"BlackRock"
"61","BMY","Bristol-Myers Squibb Company","Healthcare","Drug Manufacturers—General",13.022843,104403419742,"Bris. My. Sq."
"62","BR","Broadridge Financial Solutions,","Technology","Information Technology Services",36.480496,24205878068,"Broa. Fi. So."
"63","BRO","Brown & Brown, Inc.","Financial Services","Insurance Brokers",27.038023,20237751762,"Brown Brown"
"64","BSX","Boston Scientific Corporation","Healthcare","Medical Devices",70.5,84690654338,"Boston Sci."
"65","BWA","BorgWarner Inc.","Consumer Cyclical","Auto Parts",8.743902,8426737129,"BorgWarner"
"66","BX","Blackstone Inc.","Financial Services","Asset Management",54.778243,98174671231,"Blackstone"
"67","BXP","Boston Properties, Inc.","Real Estate","REIT—Office",57.04878,11012492430,"Boston Pro."
"68","CAG","ConAgra Brands, Inc.","Consumer Defensive","Packaged Foods",12.573333,13522762242,"ConAg. Bra."
"69","CAH","Cardinal Health, Inc.","Healthcare","Medical Distribution",165.245902,24843987806,"Cardi. Hea."
"70","CARR","Carrier Global Corporation","Industrials","Building Products & Equipment",40.744681,48203225963,"Carri. Glo."
"71","CAT","Caterpillar, Inc.","Industrials","Farm & Heavy Construction Machinery",16.761338,150521085962,"Caterpillar"
"72","CB","Chubb Limited","Financial Services","Insurance—Property & Casualty",13.23185,92205716948,"Chubb Limi."
"73","CBOE","Cboe Global Markets, Inc.","Financial Services","Financial Data & Stock Exchanges",26.891566,18843046646,"Cboe Gl. Mar."
"74","CBRE","CBRE Group Inc","Real Estate","Real Estate Services",48.994737,28373161845,"CBRE"
"75","CCI","Crown Castle Inc.","Real Estate","REIT—Specialty",32.175978,49956620128,"Crown Cast."
"76","CDNS","Cadence Design Systems, Inc.","Technology","Software—Application",77.598291,74101526940,"Cade. De. Sy."
"77","CDW","CDW Corporation","Technology","Information Technology Services",28.379526,30451871081,"CDW"
"78","CE","Celanese Corporation","Basic Materials","Chemicals",8.357719,16912827296,"Celanese"
"79","CF","CF Industries Holdings, Inc.","Basic Materials","Agricultural Inputs",7.388476,15188991829,"CF In. Holdi."
"80","CFG","Citizens Financial Group, Inc.","Financial Services","Banks—Regional",8.20297,15450629126,"Citiz. Fin."
"81","CHD","Church & Dwight Company, Inc.","Consumer Defensive","Household & Personal Products",53.727273,23297856577,"Church Dwi."
"82","CHRW","C.H. Robinson Worldwide, Inc.","Industrials","Integrated Freight & Logistics",25.71131,10077483086,"C H Robinson"
"83","CHTR","Charter Communications, Inc.","Communication Services","Telecom Services",12.693664,57493656761,"Chart. Com."
"84","CI","The Cigna Group","Healthcare","Healthcare Plans",16.889453,87625048818,"The Cigna"
"85","CINF","Cincinnati Financial Corporatio","Financial Services","Insurance—Property & Casualty",9.825261,16233672711,"Cinn. Fi. Co."
"86","CL","Colgate-Palmolive Company","Consumer Defensive","Household & Personal Products",41.732984,65631002764,"Colga. Pal."
"87","CLX","Clorox Company (The)","Consumer Defensive","Household & Personal Products",206.652174,17689586783,"Clorox"
"88","CMA","Comerica Incorporated","Financial Services","Banks—Regional",6.320498,7359821637,"Comer. orp."
"89","CMCSA","Comcast Corporation","Communication Services","Telecom Services",12.214485,176499746992,"Comcast"
"90","CME","CME Group Inc.","Financial Services","Financial Data & Stock Exchanges",25.131265,75814520743,"CME"
"91","CMG","Chipotle Mexican Grill, Inc.","Consumer Cyclical","Restaurants",54.257651,62764839633,"Chip. Me. Gr."
"92","CMI","Cummins Inc.","Industrials","Specialty Industrial Machinery",12.204279,33957816828,"Cummins"
"93","CMS","CMS Energy Corporation","Utilities","Utilities—Regulated Electric",22.921829,16942710335,"CMS Energy"
"94","CNC","Centene Corporation","Healthcare","Healthcare Plans",16.454545,39643056210,"Centene"
"95","CNP","CenterPoint Energy, Inc (Holdin","Utilities","Utilities—Regulated Electric",22.674603,18034057109,"Cent. En. Ho."
"96","COF","Capital One Financial Corporati","Financial Services","Credit Services",9.821723,49936628613,"Capi. One Fi."
"97","COO","The Cooper Companies, Inc.","Healthcare","Medical Instruments & Supplies",63.118443,18534099998,"The Co. Comp."
"98","COP","ConocoPhillips","Energy","Oil & Gas E&P",12.643791,137822439827,"ConocoPhil."
"99","COR","Cencora, Inc.","Healthcare","Medical Distribution",24.077374,41020228855,"Cencora"
"100","COST","Costco Wholesale Corporation","Consumer Defensive","Discount Stores",50.708248,329951665610,"Costco Who."
"101","CPB","Campbell Soup Company","Consumer Defensive","Packaged Foods",16.905303,13304195636,"Campb. Soup"
"102","CPRT","Copart, Inc.","Industrials","Specialty Business Services",35.065693,46181404267,"Copart"
"103","CPT","Camden Property Trust","Real Estate","REIT—Residential",48.671569,10601313043,"Camden Pro."
"104","CRL","Charles River Laboratories Inte","Healthcare","Diagnostics & Research",25.612134,12126564465,"Char. Ri. La."
"105","CRM","Salesforce, Inc.","Technology","Software—Application",106.878327,272095120000,"Salesforce"
"106","CSCO","Cisco Systems, Inc.","Technology","Communication Equipment",15.160121,2.03229e+11,"Cisco Syst."
"107","CSGP","CoStar Group, Inc.","Real Estate","Real Estate Services",88.272727,35686874729,"CoStar"
"108","CSX","CSX Corporation","Industrials","Railroads",18.343915,68512462983,"CSX"
"109","CTAS","Cintas Corporation","Industrials","Specialty Business Services",41.597744,56070561359,"Cintas"
"110","CTLT","Catalent, Inc.","Healthcare","Drug Manufacturers—Specialty & Generic",188.521739,8116212350,"Catalent"
"111","CTRA","Coterra Energy Inc.","Energy","Oil & Gas E&P",8.83045,19195931928,"Coter. Ene."
"112","CTSH","Cognizant Technology Solutions ","Technology","Information Technology Services",18.421951,37871689599,"Cogn. Te. So."
"113","CTVA","Corteva, Inc.","Basic Materials","Agricultural Inputs",30.522293,33770613680,"Corteva"
"114","CVS","CVS Health Corporation","Healthcare","Healthcare Plans",12.091884,101613354114,"CVS Health"
"115","CVX","Chevron Corporation","Energy","Oil & Gas Integrated",11.073497,281576590871,"Chevron"
"116","CZR","Caesars Entertainment, Inc.","Consumer Cyclical","Resorts & Casinos",14.292683,10112516959,"Caesa. Ent."
"117","D","Dominion Energy, Inc.","Utilities","Utilities—Regulated Electric",15.614618,39329448237,"Domin. Ene."
"118","DAL","Delta Air Lines, Inc.","Industrials","Airlines",7.590566,25886533909,"Delta Air Li."
"119","DAY","Dayforce, Inc.","Technology","Software—Application",2237.333333,10479244978,"Dayforce"
"120","DD","DuPont de Nemours, Inc.","Basic Materials","Specialty Chemicals",39.050761,33083168909,"DuPo. de Nem."
"121","DE","Deere & Company","Industrials","Farm & Heavy Construction Machinery",11.36529,109556224291,"Deere"
"122","DFS","Discover Financial Services","Financial Services","Credit Services",8.325926,28106514142,"Disc. Fi. Se."
"123","DG","Dollar General Corporation","Consumer Defensive","Discount Stores",12.196721,26126482202,"Dollar Gen."
"124","DGX","Quest Diagnostics Incorporated","Healthcare","Diagnostics & Research",20.548435,15502537386,"Quest Di. or."
"125","DHI","D.R. Horton, Inc.","Consumer Cyclical","Residential Construction",10.997106,50609293038,"D R Horton"
"126","DHR","Danaher Corporation","Healthcare","Diagnostics & Research",29.172762,170943396933,"Danaher"
"127","DIS","Walt Disney Company (The)","Communication Services","Entertainment",69.992248,165259224507,"Walt Disney"
"128","DLR","Digital Realty Trust, Inc.","Real Estate","REIT—Specialty",46.567474,40757834272,"Digit. Rea."
"129","DLTR","Dollar Tree, Inc.","Consumer Defensive","Discount Stores",20.198182,24201931648,"Dollar Tree"
"130","DOV","Dover Corporation","Industrials","Specialty Industrial Machinery",21.127747,21516503048,"Dover"
"131","DOW","Dow Inc.","Basic Materials","Chemicals",29.804348,38464611809,"Dow"
"132","DPZ","Domino's Pizza Inc","Consumer Cyclical","Restaurants",28.215606,14378987622,"s Pizza"
"133","DRI","Darden Restaurants, Inc.","Consumer Cyclical","Restaurants",19.461443,18698165000,"Darden Res."
"134","DTE","DTE Energy Company","Utilities","Utilities—Regulated Electric",18.224793,22742087239,"DTE Energy"
"135","DUK","Duke Energy Corporation (Holdin","Utilities","Utilities—Regulated Electric",20.515856,74789866085,"Duke En. Hol."
"136","DVA","DaVita Inc.","Healthcare","Medical Care Facilities",16.267081,9569616480,"DaVita"
"137","DVN","Devon Energy Corporation","Energy","Oil & Gas E&P",7.717206,29023710000,"Devon Ener."
"138","DXCM","DexCom, Inc.","Healthcare","Medical Devices",136.362637,47361918594,"DexCom"
"139","EA","Electronic Arts Inc.","Communication Services","Electronic Gaming & Multimedia",37.688705,36797299614,"Elect. Arts"
"140","EBAY","eBay Inc.","Consumer Cyclical","Internet Retail",8.759036,22638780000,"eBay"
"141","ECL","Ecolab Inc.","Basic Materials","Specialty Chemicals",46.020882,56557483297,"Ecolab"
"142","ED","Consolidated Edison, Inc.","Utilities","Utilities—Regulated Electric",13.437223,31404643295,"Conso. Edi."
"143","EFX","Equifax, Inc.","Industrials","Consulting Services",58.599526,30470276537,"Equifax"
"144","EG","Everest Group, Ltd.","Financial Services","Insurance—Reinsurance",6.534467,15341986117,"Everest"
"145","EIX","Edison International","Utilities","Utilities—Regulated Electric",22.271028,27421327292,"Edison Int."
"146","EL","Estee Lauder Companies, Inc. (T","Consumer Defensive","Household & Personal Products",95.588235,52335064226,"Estee La. Co."
"147","ELV","Elevance Health, Inc.","Healthcare","Healthcare Plans",18.348638,110797329700,"Eleva. Hea."
"148","EMN","Eastman Chemical Company","Basic Materials","Specialty Chemicals",18.036145,10644856971,"Eastm. Che."
"149","EMR","Emerson Electric Company","Industrials","Specialty Industrial Machinery",26.163978,55626398606,"Emers. Ele."
"150","ENPH","Enphase Energy, Inc.","Technology","Solar",33.117794,18043877682,"Enpha. Ene."
"151","EOG","EOG Resources, Inc.","Energy","Oil & Gas E&P",8.972552,70531944361,"EOG Resour."
"152","EPAM","EPAM Systems, Inc.","Technology","Information Technology Services",37.074813,17156659533,"EPAM Syste."
"153","EQIX","Equinix, Inc.","Real Estate","REIT—Specialty",86.694295,75612770855,"Equinix"
"154","EQR","Equity Residential","Real Estate","REIT—Residential",35.210964,23223976963,"Equity Res."
"155","EQT","EQT Corporation","Energy","Oil & Gas E&P",5.29589,15902095120,"EQT"
"156","ES","Eversource Energy (D/B/A)","Utilities","Utilities—Regulated Electric",18.479042,21560413619,"Evers. Ene."
"157","ESS","Essex Property Trust, Inc.","Real Estate","REIT—Residential",30.422086,15913930715,"Essex Prop."
"158","ETN","Eaton Corporation, PLC","Industrials","Specialty Industrial Machinery",32.238286,96159426000,"Eaton"
"159","ETR","Entergy Corporation","Utilities","Utilities—Regulated Electric",14.580692,21398960358,"Entergy"
"160","ETSY","Etsy, Inc.","Consumer Cyclical","Internet Retail",32.813765,9705433886,"Etsy"
"161","EVRG","Evergy, Inc.","Utilities","Utilities—Regulated Electric",17.635135,11991423515,"Evergy"
"162","EW","Edwards Lifesciences Corporatio","Healthcare","Medical Devices",32.58547,46245625000,"Edwa. Li. Co."
"163","EXC","Exelon Corporation","Utilities","Utilities—Regulated Electric",16.706673,35736203234,"Exelon"
"164","EXPD","Expeditors International of Was","Industrials","Integrated Freight & Logistics",23.820225,18493527991,"Expe. In. of"
"165","EXPE","Expedia Group, Inc.","Consumer Cyclical","Travel Services",27.800366,21075773135,"Expedia"
"166","EXR","Extra Space Storage Inc","Real Estate","REIT—Industrial",30.250943,33874173201,"Extra Sp. St."
"167","F","Ford Motor Company","Consumer Cyclical","Auto Manufacturers",7.96732,48796014586,"Ford Motor"
"168","FANG","Diamondback Energy, Inc.","Energy","Oil & Gas E&P",8.79637,27756979997,"Diamo. Ene."
"169","FAST","Fastenal Company","Industrials","Industrial Distribution",32.712121,37022532000,"Fastenal"
"170","FCX","Freeport-McMoRan, Inc.","Basic Materials","Copper",28.38,61044411277,"Freep. McM."
"171","FDS","FactSet Research Systems Inc.","Financial Services","Financial Data & Stock Exchanges",37.662791,17258569700,"Fact. Re. Sy."
"172","FDX","FedEx Corporation","Industrials","Integrated Freight & Logistics",15.801587,64679688198,"FedEx"
"173","FE","FirstEnergy Corp.","Utilities","Utilities—Regulated Electric",38.589474,21036051411,"First. Corp"
"174","FFIV","F5, Inc.","Technology","Software—Infrastructure",27.325191,10686396624,"F5"
"175","FI","Fiserv, Inc.","Technology","Information Technology Services",27.849057,79728670513,"Fiserv"
"176","FICO","Fair Isaac Corproation","Technology","Software—Application",68.754282,28909197546,"Fair Is. Cor."
"177","FIS","Fidelity National Information S","Technology","Information Technology Services",44.346405,35590489912,"Fide. Na. In."
"178","FITB","Fifth Third Bancorp","Financial Services","Banks—Regional",9.826211,23488263085,"Fifth Th. Ba."
"179","FLT","FleetCor Technologies, Inc.","Technology","Software—Infrastructure",22.148119,20405608331,"Fleet. Tec."
"180","FMC","FMC Corporation","Basic Materials","Agricultural Inputs",13.414894,7866047825,"FMC"
"181","FOX","Fox Corporation","Communication Services","Entertainment",13.487805,13849026812,"Fox"
"182","FRT","Federal Realty Investment Trust","Real Estate","REIT—Retail",29.956395,8411266947,"Fede. Re. In."
"183","FSLR","First Solar, Inc.","Technology","Solar",38.977376,18407120843,"First Solar"
"184","FTNT","Fortinet, Inc.","Technology","Software—Infrastructure",40.645833,44945749063,"Fortinet"
"185","FTV","Fortive Corporation","Technology","Scientific & Technical Instruments",31.600858,25876053685,"Fortive"
"186","GD","General Dynamics Corporation","Industrials","Aerospace & Defense",21.6934,70863127636,"Gener. Dyn."
"187","GE","General Electric Company","Industrials","Specialty Industrial Machinery",13.280957,138910710668,"Gener. Ele."
"188","GEN","Gen Digital Inc.","Technology","Software—Infrastructure",10.233184,14536340000,"Gen Digital"
"189","GILD","Gilead Sciences, Inc.","Healthcare","Drug Manufacturers—General",17.346895,100941853913,"Gilead Sci."
"190","GIS","General Mills, Inc.","Consumer Defensive","Packaged Foods",15.526829,36216174000,"Gener. Mil."
"191","GL","Globe Life Inc.","Financial Services","Insurance—Life",15.045735,11456133032,"Globe Life"
"192","GLW","Corning Incorporated","Technology","Electronic Components",44.779412,25979175065,"Corni. orp."
"193","GM","General Motors Company","Consumer Cyclical","Auto Manufacturers",5.044944,49191764919,"Gener. Mot."
"194","GNRC","Generac Holdlings Inc.","Industrials","Specialty Industrial Machinery",51.083004,7939417011,"Gener. Hol."
"195","GOOG","Alphabet Inc.","Communication Services","Internet Content & Information",26.998084,1755459040000,"Alphabet"
"196","GPC","Genuine Parts Company","Consumer Cyclical","Specialty Retail",15.632054,19417233393,"Genui. Par."
"197","GPN","Global Payments Inc.","Industrials","Specialty Business Services",38.719512,33069345342,"Global Pay."
"198","GRMN","Garmin Ltd.","Technology","Scientific & Technical Instruments",23.715867,24593696637,"Garmin"
"199","GS","Goldman Sachs Group, Inc. (The)","Financial Services","Capital Markets",18.600289,125804405237,"Goldm. Sac."
"200","GWW","W.W. Grainger, Inc.","Industrials","Industrial Distribution",23.109035,41131323763,"W W Grainger"
"201","HAL","Halliburton Company","Energy","Oil & Gas Equipment & Services",12.42268,32356120473,"Halliburton"
"202","HAS","Hasbro, Inc.","Consumer Cyclical","Leisure",75.313953,7085297294,"Hasbro"
"203","HBAN","Huntington Bancshares Incorpora","Financial Services","Banks—Regional",8.423841,18419515182,"Hunt. Ba. or."
"204","HCA","HCA Healthcare, Inc.","Healthcare","Medical Care Facilities",13.366914,72450425344,"HCA Health."
"205","HD","Home Depot, Inc. (The)","Consumer Cyclical","Home Improvement Retail",22.625641,351287620458,"Home Depot"
"206","HES","Hess Corporation","Energy","Oil & Gas E&P",30.285714,44280014770,"Hess"
"207","HIG","Hartford Financial Services Gro","Financial Services","Insurance—Property & Casualty",11.056396,24175878774,"Hart. Fi. Se."
"208","HII","Huntington Ingalls Industries, ","Industrials","Aerospace & Defense",19.595472,10313798115,"Hunt. In. In."
"209","HLT","Hilton Worldwide Holdings Inc.","Consumer Cyclical","Lodging",36.785859,46695215137,"Hilt. Wo. Ho."
"210","HOLX","Hologic, Inc.","Healthcare","Medical Instruments & Supplies",39.043716,17148200202,"Hologic"
"211","HON","Honeywell International Inc.","Industrials","Conglomerates",25.986369,138251452553,"Honey. Int."
"212","HPE","Hewlett Packard Enterprise Comp","Technology","Communication Equipment",9.928571,1.9877e+10,"Hewl. Pa. En."
"213","HPQ","HP Inc.","Technology","Computer Hardware",8.806748,28448809310,"HP"
"214","HRL","Hormel Foods Corporation","Consumer Defensive","Packaged Foods",20.944828,16607532500,"Hormel Foo."
"215","HSIC","Henry Schein, Inc.","Healthcare","Medical Distribution",22.399408,9837631797,"Henry Sche."
"216","HST","Host Hotels & Resorts, Inc.","Real Estate","REIT—Hotel & Motel",18.542857,13734858623,"Host Ho. Res."
"217","HSY","The Hershey Company","Consumer Defensive","Confectioners",20.090517,38126641424,"The Hershey"
"218","HUBB","Hubbell Inc","Industrials","Electrical Equipment & Parts",24.994681,17637900906,"Hubbell"
"219","HUM","Humana Inc.","Healthcare","Healthcare Plans",18.933416,56361318723,"Humana"
"220","HWM","Howmet Aerospace Inc.","Industrials","Aerospace & Defense",35.142857,22283604438,"Howmet Aer."
"221","IBM","International Business Machines","Technology","Information Technology Services",21.103226,149340543922,"Inte. Bu. Ma."
"222","ICE","Intercontinental Exchange Inc.","Financial Services","Financial Data & Stock Exchanges",29.798144,73508696447,"Inter. Exc."
"223","IDXX","IDEXX Laboratories, Inc.","Healthcare","Diagnostics & Research",56.58002,46097847195,"IDEXX Labo."
"224","IEX","IDEX Corporation","Industrials","Specialty Industrial Machinery",26.704797,16419060772,"IDEX"
"225","IFF","International Flavors & Fragran","Basic Materials","Specialty Chemicals",1349.5,20669951479,"Inte. Fl. Fr."
"226","INCY","Incyte Corporation","Healthcare","Biotechnology",33.398936,14071819054,"yte"
"227","INTC","Intel Corporation","Technology","Semiconductors",16.840206,2.11854e+11,"Intel"
"228","INTU","Intuit Inc.","Technology","Software—Application",69.148959,176788183250,"Intuit"
"229","INVH","Invitation Homes Inc.","Real Estate","REIT—Residential",42.111111,20873895532,"Invit. Hom."
"230","IP","International Paper Company","Consumer Cyclical","Packaging & Containers",16.582569,12508525864,"Inter. Pap."
"231","IPG","Interpublic Group of Companies,","Communication Services","Advertising Agencies",13.656904,12501254835,"Inte. of Com."
"232","IQV","IQVIA Holdings, Inc.","Healthcare","Diagnostics & Research",38.822148,42226850000,"IQVIA Hold."
"233","IR","Ingersoll Rand Inc.","Industrials","Specialty Industrial Machinery",42.032609,31306998123,"Inger. Rand"
"234","IRM","Iron Mountain Incorporated (Del","Real Estate","REIT—Specialty",74.446809,20433429968,"Iron Mo. orp."
"235","ISRG","Intuitive Surgical, Inc.","Healthcare","Medical Instruments & Supplies",79.378824,118774872277,"Intui. Sur."
"236","IT","Gartner, Inc.","Technology","Information Technology Services",38.788478,35163398359,"Gartner"
"237","ITW","Illinois Tool Works Inc.","Industrials","Specialty Industrial Machinery",25.431068,78814047407,"Illi. To. Wo."
"238","IVZ","Invesco Ltd","Financial Services","Asset Management",13.723077,8020050478,"Invesco"
"239","J","Jacobs Solutions Inc.","Industrials","Engineering & Construction",24.444444,16302757728,"Jacobs Sol."
"240","JBHT","J.B. Hunt Transport Services, I","Industrials","Integrated Freight & Logistics",26.882907,20601743870,"J B Hunt"
"241","JBL","Jabil Inc.","Technology","Electronic Components",19.156146,14835621742,"Jabil"
"242","JCI","Johnson Controls International ","Industrials","Building Products & Equipment",21.427509,39218256000,"John. Co. In."
"243","JKHY","Jack Henry & Associates, Inc.","Technology","Information Technology Services",33.012121,11900856488,"Jack He. Ass."
"244","JNJ","Johnson & Johnson","Healthcare","Drug Manufacturers—General",29.407129,377316850898,"Johns. Joh."
"245","JNPR","Juniper Networks, Inc.","Technology","Communication Equipment",26.321429,9400242760,"Junip. Net."
"246","JPM","JP Morgan Chase & Co.","Financial Services","Banks—Diversified",10.149165,491760518804,"JP Mo. Chase"
"247","K","Kellanova","Consumer Defensive","Packaged Foods",23.491597,19150278831,"Kellanova"
"248","KDP","Keurig Dr Pepper Inc.","Consumer Defensive","Beverages—Non-Alcoholic",24.321168,46592558951,"Keur. Dr Pep."
"249","KEY","KeyCorp","Financial Services","Banks—Regional",11.707317,13482147758,"KeyCorp"
"250","KEYS","Keysight Technologies Inc.","Technology","Scientific & Technical Instruments",25.932318,26769770633,"Keysi. Tec."
"251","KHC","The Kraft Heinz Company","Consumer Defensive","Packaged Foods",15.280992,45357400904,"The Kr. Heinz"
"252","KIM","Kimco Realty Corporation (HC)","Real Estate","REIT—Retail",30.014085,13209518605,"Kimco Real."
"253","KLAC","KLA Corporation","Technology","Semiconductor Equipment & Materials",25.997317,79017455290,"KLA"
"254","KMB","Kimberly-Clark Corporation","Consumer Defensive","Household & Personal Products",23.367308,41063213461,"Kimbe. Cla."
"255","KMI","Kinder Morgan, Inc.","Energy","Oil & Gas Midstream",16.183486,39209732178,"Kinder Mor."
"256","KMX","CarMax Inc","Consumer Cyclical","Auto & Truck Dealerships",22.356643,10103888763,"CarMax"
"257","KO","Coca-Cola Company (The)","Consumer Defensive","Beverages—Non-Alcoholic",23.8583,254778775823,"Coca Cola"
"258","KR","Kroger Company (The)","Consumer Defensive","Grocery Stores",20.254464,32635356847,"Kroger"
"259","L","Loews Corporation","Financial Services","Insurance—Property & Casualty",10.592085,15536012176,"Loews"
"260","LDOS","Leidos Holdings, Inc.","Technology","Information Technology Services",102.113208,14695357192,"Leidos Hol."
"261","LEN","Lennar Corporation","Consumer Cyclical","Residential Construction",9.489614,35494970035,"Lennar"
"262","LH","Laboratory Corporation of Ameri","Healthcare","Diagnostics & Research",23.407827,19296921000,"Labo. of Ame."
"263","LHX","L3Harris Technologies, Inc.","Industrials","Aerospace & Defense",27.106821,39977483330,"L3Har. Tec."
"264","LIN","Linde plc","Basic Materials","Specialty Chemicals",33.97105,199149371505,"Linde"
"265","LKQ","LKQ Corporation","Consumer Cyclical","Auto Parts",13.386555,12788523665,"LKQ"
"266","LLY","Eli Lilly and Company","Healthcare","Drug Manufacturers—General",108.883315,553370174592,"Eli Li. and"
"267","LMT","Lockheed Martin Corporation","Industrials","Aerospace & Defense",16.590044,112448261586,"Lockh. Mar."
"268","LNT","Alliant Energy Corporation","Utilities","Utilities—Regulated Electric",18.791209,13090687163,"Allia. Ene."
"269","LOW","Lowe's Companies, Inc.","Consumer Cyclical","Home Improvement Retail",18.448209,109980847284,"s Companies"
"270","LRCX","Lam Research Corporation","Technology","Semiconductor Equipment & Materials",26.569199,102824806280,"Lam Resear."
"271","LULU","lululemon athletica inc.","Consumer Cyclical","Apparel Retail",49.807595,49672112894,"lulul. ath."
"272","LUV","Southwest Airlines Company","Industrials","Airlines",35.654321,17215812174,"South. Air."
"273","LVS","Las Vegas Sands Corp.","Consumer Cyclical","Resorts & Casinos",56.563218,37073307042,"Las Ve. Sands"
"274","LW","Lamb Weston Holdings, Inc.","Consumer Defensive","Packaged Foods",14.392806,14441163049,"Lamb We. Hol."
"275","LYB","LyondellBasell Industries NV","Basic Materials","Specialty Chemicals",13.602289,30840317376,"Lyon. In. NV"
"276","LYV","Live Nation Entertainment, Inc.","Communication Services","Entertainment",62.4,21558453696,"Live Na. Ent."
"277","MAA","Mid-America Apartment Communiti","Real Estate","REIT—Residential",26.892,15689801384,"Mid Am. Apar."
"278","MAR","Marriott International","Consumer Cyclical","Lodging",23.914104,66230335887,"Marri. Int."
"279","MAS","Masco Corporation","Industrials","Building Products & Equipment",18.250681,15037071018,"Masco"
"280","MCD","McDonald's Corporation","Consumer Cyclical","Restaurants",26.147266,215071165315,"s"
"281","MCHP","Microchip Technology Incorporat","Technology","Semiconductors",19.776316,48791464973,"Micr. Te. or."
"282","MCK","McKesson Corporation","Healthcare","Medical Distribution",18.306841,61605269305,"McKesson"
"283","MCO","Moody's Corporation","Financial Services","Financial Data & Stock Exchanges",40.743557,58003779906,"s"
"284","MDLZ","Mondelez International, Inc.","Consumer Defensive","Confectioners",21.685629,98569667221,"Monde. Int."
"285","MDT","Medtronic plc.","Healthcare","Medical Devices",28.422078,116397825720,"Medtronic"
"286","MET","MetLife, Inc.","Financial Services","Insurance—Life",146.302326,48948779843,"MetLife"
"287","META","Meta Platforms, Inc.","Communication Services","Internet Content & Information",31.240953,909628612617,"Meta Platf."
"288","MGM","MGM Resorts International","Consumer Cyclical","Resorts & Casinos",14.993289,15261945463,"MGM Re. Inte."
"289","MHK","Mohawk Industries, Inc.","Consumer Cyclical","Furnishings, Fixtures & Appliances",256.974359,6591103146,"Mohawk Ind."
"290","MKC","McCormick & Company, Incorporat","Consumer Defensive","Packaged Foods",27.0125,17375211000,"McCor. orp."
"291","MKTX","MarketAxess Holdings, Inc.","Financial Services","Capital Markets",44.438543,11100610446,"Marke. Hol."
"292","MLM","Martin Marietta Materials, Inc.","Basic Materials","Building Materials",28.187006,30836210694,"Mart. Ma. Ma."
"293","MMC","Marsh & McLennan Companies, Inc","Financial Services","Insurance Brokers",27.301153,93422435017,"Marsh Mc. Co."
"294","MMM","3M Company","Industrials","Conglomerates",10.339876,60379298594,"3M"
"295","MNST","Monster Beverage Corporation","Consumer Defensive","Beverages—Non-Alcoholic",39.057627,59939826058,"Monst. Bev."
"296","MO","Altria Group, Inc.","Consumer Defensive","Tobacco",8.232653,71347206829,"Altria"
"297","MOH","Molina Healthcare Inc","Healthcare","Healthcare Plans",22.511526,21064373000,"Molina Hea."
"298","MOS","Mosaic Company (The)","Basic Materials","Agricultural Inputs",9.04557,11677830807,"Mosaic"
"299","MPC","Marathon Petroleum Corporation","Energy","Oil & Gas Refining & Marketing",5.596379,56331888015,"Marat. Pet."
"300","MPWR","Monolithic Power Systems, Inc.","Technology","Semiconductors",68.340195,30221931360,"Mono. Po. Sy."
"301","MRK","Merck & Company, Inc.","Healthcare","Drug Manufacturers—General",60.566667,276259196617,"Merck"
"302","MRNA","Moderna, Inc.","Healthcare","Biotechnology",35.864583,37918693402,"Moderna"
"303","MRO","Marathon Oil Corporation","Energy","Oil & Gas E&P",8.785455,14139576169,"Marat. Oil"
"304","MS","Morgan Stanley","Financial Services","Capital Markets",16.651786,153052304835,"Morgan Sta."
"305","MSCI","MSCI Inc.","Financial Services","Financial Data & Stock Exchanges",47.176814,44737931623,"MSCI"
"306","MSFT","Microsoft Corporation","Technology","Software—Infrastructure",36.437985,2794827926197,"Microsoft"
"307","MSI","Motorola Solutions, Inc.","Technology","Communication Equipment",31.65723,51963073281,"Motor. Sol."
"308","MTB","M&T Bank Corporation","Financial Services","Banks—Regional",7.860092,22749842447,"T Bank"
"309","MTCH","Match Group, Inc.","Communication Services","Internet Content & Information",20.621469,9921122122,"Match"
"310","MTD","Mettler-Toledo International, I","Healthcare","Diagnostics & Research",30.942857,26301584473,"Mett. To. In."
"311","MU","Micron Technology, Inc.","Technology","Semiconductors",48.368794,84036480000,"Micron Tec."
"312","NDAQ","Nasdaq, Inc.","Financial Services","Financial Data & Stock Exchanges",26.071749,33544720099,"Nasdaq"
"313","NDSN","Nordson Corporation","Industrials","Specialty Industrial Machinery",29.754137,14377114163,"Nordson"
"314","NEE","NextEra Energy, Inc.","Utilities","Utilities—Regulated Electric",16.026385,124620728188,"NextE. Ene."
"315","NEM","Newmont Corporation","Basic Materials","Gold",38.688525,47701636429,"Newmont"
"316","NFLX","Netflix, Inc.","Communication Services","Entertainment",48.590818,213097477242,"Netflix"
"317","NI","NiSource Inc","Utilities","Utilities—Regulated Gas",17.7,10976179958,"NiSource"
"318","NKE","Nike, Inc.","Consumer Cyclical","Footwear & Accessories",34.033951,167268259978,"Nike"
"319","NOC","Northrop Grumman Corporation","Industrials","Aerospace & Defense",15.394278,70592050104,"North. Gru."
"320","NOW","ServiceNow, Inc.","Technology","Software—Application",91.277778,144869306950,"ServiceNow"
"321","NRG","NRG Energy, Inc.","Utilities","Utilities—Independent Power Producers",6.632495,11672021341,"NRG Energy"
"322","NSC","Norfolk Southern Corporation","Industrials","Railroads",25.890471,53454106630,"Norfo. Sou."
"323","NTAP","NetApp, Inc.","Technology","Computer Hardware",26.91358,17965907298,"NetApp"
"324","NTRS","Northern Trust Corporation","Financial Services","Asset Management",16.011385,17469728900,"Northern"
"325","NUE","Nucor Corporation","Basic Materials","Steel",8.803237,42785819385,"Nucor"
"326","NVDA","NVIDIA Corporation","Technology","Semiconductors",81.170185,1516025280000,"NVIDIA"
"327","NVR","NVR, Inc.","Consumer Cyclical","Residential Construction",12.734203,19466185052,"NVR"
"328","NWS","News Corporation","Communication Services","Entertainment",107.166667,14202264910,"News"
"329","NXPI","NXP Semiconductors N.V.","Technology","Semiconductors",21.306122,59203074973,"NXP Se. N"
"330","O","Realty Income Corporation","Real Estate","REIT—Retail",43.5,41569177074,"Realty ome"
"331","ODFL","Old Dominion Freight Line, Inc.","Industrials","Trucking",36.061388,44227037375,"Old Do. Frei."
"332","OKE","ONEOK, Inc.","Energy","Oil & Gas Midstream",12.908088,40906712541,"ONEOK"
"333","OMC","Omnicom Group Inc.","Communication Services","Advertising Agencies",12.592431,17123285046,"Omnicom"
"334","ON","ON Semiconductor Corporation","Technology","Semiconductors",16.840726,35976169442,"ON Semicon."
"335","ORCL","Oracle Corporation","Technology","Software—Infrastructure",30.850829,306999608960,"Oracle"
"336","ORLY","O'Reilly Automotive, Inc.","Consumer Cyclical","Specialty Retail",25.294995,56208799224,"Reilly Aut."
"337","OTIS","Otis Worldwide Corporation","Industrials","Specialty Industrial Machinery",27.030211,36616386893,"Otis World."
"338","OXY","Occidental Petroleum Corporatio","Energy","Oil & Gas E&P",13.008715,52400364973,"Occi. Pe. Co."
"339","PANW","Palo Alto Networks, Inc.","Technology","Software—Infrastructure",190.174157,109237177000,"Palo Al. Net."
"340","PARA","Paramount Global","Communication Services","Entertainment",21.660194,9832523479,"Param. Glo."
"341","PAYC","Paycom Software, Inc.","Technology","Software—Application",35.39726,11927913510,"Paycom Sof."
"342","PAYX","Paychex, Inc.","Industrials","Staffing & Employment Services",27.657596,43887468117,"Paychex"
"343","PCAR","PACCAR Inc.","Industrials","Farm & Heavy Construction Machinery",12.471264,51078355971,"PACCAR"
"344","PCG","Pacific Gas & Electric Co.","Utilities","Utilities—Regulated Electric",20.965116,45859452503,"Paci. Gas El."
"345","PEG","Public Service Enterprise Group","Utilities","Utilities—Regulated Electric",10.900178,30471919567,"Publ. Se. En."
"346","PEP","Pepsico, Inc.","Consumer Defensive","Beverages—Non-Alcoholic",28.306667,233506895136,"Pepsico"
"347","PFE","Pfizer, Inc.","Healthcare","Drug Manufacturers—General",15.73224,162560238676,"Pfizer"
"348","PFG","Principal Financial Group Inc","Financial Services","Asset Management",12.330721,18755880929,"Pripal Fin."
"349","PG","Procter & Gamble Company (The)","Consumer Defensive","Household & Personal Products",23.788961,345378105359,"Proct. Gam."
"350","PGR","Progressive Corporation (The)","Financial Services","Insurance—Property & Casualty",34.626087,93226584000,"Progressive"
"351","PH","Parker-Hannifin Corporation","Industrials","Specialty Industrial Machinery",25.523546,59188812116,"Parker Han."
"352","PHM","PulteGroup, Inc.","Consumer Cyclical","Residential Construction",8.433007,22253713835,"Pulte"
"353","PKG","Packaging Corporation of Americ","Consumer Cyclical","Packaging & Containers",18.703789,14600694224,"Pack. of Ame."
"354","PLD","Prologis, Inc.","Real Estate","REIT—Industrial",42.452229,123165334300,"Prologis"
"355","PM","Philip Morris International Inc","Consumer Defensive","Tobacco",18.267961,146050355633,"Phil. Mo. In."
"356","PNC","PNC Financial Services Group, I","Financial Services","Banks—Regional",10.753472,61683120883,"PNC Fi. Serv."
"357","PNR","Pentair plc.","Industrials","Specialty Industrial Machinery",23.530744,12018887308,"Pentair"
"358","PNW","Pinnacle West Capital Corporati","Utilities","Utilities—Regulated Electric",17.145585,8146537176,"Pinn. We. Ca."
"359","PODD","Insulet Corporation","Healthcare","Medical Devices",126.151163,15151196770,"Insulet"
"360","POOL","Pool Corporation","Industrials","Industrial Distribution",28.725504,15421771471,"Pool"
"361","PPG","PPG Industries, Inc.","Basic Materials","Specialty Chemicals",25.050251,35263890000,"PPG Indust."
"362","PPL","PPL Corporation","Utilities","Utilities—Regulated Electric",26.057692,19976070941,"PPL"
"363","PRU","Prudential Financial, Inc.","Financial Services","Insurance—Life",29.29661,37439310000,"Prude. Fin."
"364","PSA","Public Storage","Real Estate","REIT—Industrial",27.956004,53630029410,"Public Sto."
"365","PSX","Phillips 66","Energy","Oil & Gas Refining & Marketing",8.044713,58575685255,"Phill. 66"
"366","PTC","PTC Inc.","Technology","Software—Application",84.932039,20896686147,"PTC"
"367","PWR","Quanta Services, Inc.","Industrials","Engineering & Construction",46.012793,31352479262,"Quanta Ser."
"368","PXD","Pioneer Natural Resources Compa","Energy","Oil & Gas E&P",10.71878,52466501833,"Pion. Na. Re."
"369","PYPL","PayPal Holdings, Inc.","Financial Services","Credit Services",18.331343,66208591155,"PayPal Hol."
"370","QCOM","QUALCOMM Incorporated","Technology","Semiconductors",22.182515,161696340000,"QUALC. orp."
"371","QRVO","Qorvo, Inc.","Technology","Semiconductors",102.03,10962105470,"Qorvo"
"372","RCL","Royal Caribbean Cruises Ltd.","Consumer Cyclical","Travel Services",39.478659,33179883616,"Royal Ca. Cr."
"373","REG","Regency Centers Corporation","Real Estate","REIT—Retail",31.603774,12366925727,"Regen. Cen."
"374","REGN","Regeneron Pharmaceuticals, Inc.","Healthcare","Biotechnology",25.051055,95687046577,"Regen. Pha."
"375","RF","Regions Financial Corporation","Financial Services","Banks—Regional",8.041494,18024658498,"Regio. Fin."
"376","RHI","Robert Half Inc.","Industrials","Staffing & Employment Services",19.891403,9310284443,"Robert Half"
"377","RJF","Raymond James Financial, Inc.","Financial Services","Capital Markets",13.989962,23404514094,"Raym. Ja. Fi."
"378","RL","Ralph Lauren Corporation","Consumer Cyclical","Apparel Manufacturing",18.416347,9320090280,"Ralph Laur."
"379","RMD","ResMed Inc.","Healthcare","Medical Instruments & Supplies",27.970732,25302750358,"ResMed"
"380","ROK","Rockwell Automation, Inc.","Industrials","Specialty Industrial Machinery",25.98159,35575338945,"Rockw. Aut."
"381","ROL","Rollins, Inc.","Consumer Cyclical","Personal Services",52.614458,21137933258,"Rollins"
"382","ROP","Roper Technologies, Inc.","Technology","Software—Application",47.200866,58236213524,"Roper Tech."
"383","ROST","Ross Stores, Inc.","Consumer Cyclical","Apparel Retail",24.622081,39076323440,"Ross Stores"
"384","RSG","Republic Services, Inc.","Industrials","Waste Management",31.959302,51886705709,"Repub. Ser."
"385","RTX","RTX Corporation","Industrials","Aerospace & Defense",38.774194,120985014035,"RTX"
"386","RVTY","Revvity, Inc.","Healthcare","Diagnostics & Research",64.3,13489650651,"Revvity"
"387","SBAC","SBA Communications Corporation","Real Estate","REIT—Specialty",55.756044,27369860894,"SBA Commun."
"388","SBUX","Starbucks Corporation","Consumer Cyclical","Restaurants",26.818436,109134567000,"Starbucks"
"389","SCHW","Charles Schwab Corporation (The","Financial Services","Capital Markets",22.933333,125393184355,"Char. Sc. The"
"390","SHW","Sherwin-Williams Company (The)","Basic Materials","Specialty Chemicals",33.394004,79835823471,"Sherw. Wil."
"391","SJM","The J.M. Smucker Company","Consumer Defensive","Packaged Foods",23.254518,13963217942,"The J M"
"392","SLB","Schlumberger N.V.","Energy","Oil & Gas Equipment & Services",18.069444,74336999959,"Schl. N V"
"393","SNA","Snap-On Incorporated","Industrials","Tools & Accessories",15.689299,15244963357,"Snap On orpo."
"394","SNPS","Synopsys, Inc.","Technology","Software—Infrastructure",67.342172,81355075600,"Synopsys"
"395","SO","Southern Company (The)","Utilities","Utilities—Regulated Electric",25.591241,76474228751,"Southern"
"396","SPG","Simon Property Group, Inc.","Real Estate","REIT—Retail",21.163205,46535930990,"Simon Prop."
"397","SPGI","S&P Global Inc.","Financial Services","Financial Data & Stock Exchanges",57.284785,139556736000,"P Global"
"398","SRE","DBA Sempra","Utilities","Utilities—Diversified",17.298611,47029685774,"DBA Sempra"
"399","STE","STERIS plc (Ireland)","Healthcare","Medical Devices",39.827899,21721215395,"STERIS"
"400","STLD","Steel Dynamics, Inc.","Basic Materials","Steel",7.527087,19110525107,"Steel Dyna."
"401","STT","State Street Corporation","Financial Services","Asset Management",11.258721,23902878762,"State Stre."
"402","STX","Seagate Technology Holdings PLC","Technology","Computer Hardware",23.28169,17885429642,"Seag. Te. Ho."
"403","STZ","Constellation Brands, Inc.","Consumer Defensive","Beverages—Wineries & Distilleries",28.259694,43959872216,"Const. Bra."
"404","SWK","Stanley Black & Decker, Inc.","Industrials","Tools & Accessories",76.018868,15039849517,"Stan. Bl. De."
"405","SWKS","Skyworks Solutions, Inc.","Technology","Semiconductors",18.339315,18012594666,"Skywo. Sol."
"406","SYF","Synchrony Financial","Financial Services","Credit Services",7.033149,15803188508,"Synch. Fin."
"407","SYK","Stryker Corporation","Healthcare","Medical Devices",44.430267,113776281992,"Stryker"
"408","SYY","Sysco Corporation","Consumer Defensive","Food Distribution",20.6,36884722166,"Sysco"
"409","T","AT&T Inc.","Communication Services","Telecom Services",7.607438,119977337580,"T"
"410","TAP","Molson Coors Beverage Company","Consumer Defensive","Beverages—Brewers",52.316239,13212151073,"Mols. Co. Be."
"411","TDG","Transdigm Group Incorporated","Industrials","Aerospace & Defense",44.942964,46526577690,"Trans. orp."
"412","TDY","Teledyne Technologies Incorpora","Technology","Scientific & Technical Instruments",27.064281,21058058424,"Tele. Te. or."
"413","TECH","Bio-Techne Corp","Healthcare","Biotechnology",50.763158,12202883243,"Bio Te. Corp"
"414","TEL","TE Connectivity Ltd. New Switze","Technology","Electronic Components",23.377704,43473438907,"TE Co. New"
"415","TER","Teradyne, Inc.","Technology","Semiconductor Equipment & Materials",50.474419,16590399562,"Teradyne"
"416","TFC","Truist Financial Corporation","Financial Services","Banks—Regional",9.276382,49239025402,"Truist Fin."
"417","TFX","Teleflex Incorporated","Healthcare","Medical Instruments & Supplies",29.162573,11717150841,"Telef. orp."
"418","TGT","Target Corporation","Consumer Defensive","Discount Stores",17.717197,64207923144,"Target"
"419","TJX","TJX Companies, Inc. (The)","Consumer Cyclical","Apparel Retail",25.826979,100464332940,"TJX Compan."
"420","TMO","Thermo Fisher Scientific Inc","Healthcare","Diagnostics & Research",34.783093,205082564263,"Ther. Fi. Sc."
"421","TMUS","T-Mobile US, Inc.","Communication Services","Telecom Services",24.895963,193233983503,"T Mo. US"
"422","TPR","Tapestry, Inc.","Consumer Cyclical","Luxury Goods",9.366412,8436352230,"Tapestry"
"423","TRGP","Targa Resources, Inc.","Energy","Oil & Gas Midstream",22.800525,19369890372,"Targa Reso."
"424","TRMB","Trimble Inc.","Technology","Scientific & Technical Instruments",39.407407,13234434458,"Trimble"
"425","TROW","T. Rowe Price Group, Inc.","Financial Services","Asset Management",15.340456,24065519191,"T Ro. Price"
"426","TRV","The Travelers Companies, Inc.","Financial Services","Insurance—Property & Casualty",20.571274,43507810468,"The Tr. Comp."
"427","TSCO","Tractor Supply Company","Consumer Cyclical","Specialty Retail",20.978537,23247797286,"Tract. Sup."
"428","TSLA","Tesla, Inc.","Consumer Cyclical","Auto Manufacturers",80.154839,789898387235,"Tesla"
"429","TSN","Tyson Foods, Inc.","Consumer Defensive","Farm Products",53.712766,19094140808,"Tyson Foods"
"430","TT","Trane Technologies plc","Industrials","Building Products & Equipment",28.459743,55501148885,"Trane Tech."
"431","TXN","Texas Instruments Incorporated","Technology","Semiconductors",22.080311,154812469692,"Texas In. or."
"432","TXT","Textron Inc.","Industrials","Aerospace & Defense",17.36933,15762758851,"Textron"
"433","TYL","Tyler Technologies, Inc.","Technology","Software—Application",113.005405,17612964650,"Tyler Tech."
"434","UAL","United Airlines Holdings, Inc.","Industrials","Airlines",4.775463,13533885696,"Unit. Ai. Ho."
"435","UBER","Uber Technologies, Inc.","Technology","Software—Application",118.403846,126702331221,"Uber Techn."
"436","UDR","UDR, Inc.","Real Estate","REIT—Residential",27.746377,12594658250,"UDR"
"437","UHS","Universal Health Services, Inc.","Healthcare","Medical Care Facilities",16.012605,10403361397,"Univ. He. Se."
"438","ULTA","Ulta Beauty, Inc.","Consumer Cyclical","Specialty Retail",15.307507,18554163290,"Ulta Beauty"
"439","UNH","UnitedHealth Group Incorporated","Healthcare","Healthcare Plans",22.85026,486945419005,"Unite. orp."
"440","UNP","Union Pacific Corporation","Industrials","Railroads",23.571977,149729336721,"Union Paci."
"441","UPS","United Parcel Service, Inc.","Industrials","Integrated Freight & Logistics",15.913968,133948260358,"Unit. Pa. Se."
"442","URI","United Rentals, Inc.","Industrials","Rental & Leasing Services",16.674033,38867239059,"United Ren."
"443","USB","U.S. Bancorp","Financial Services","Banks—Regional",12.919403,67387496931,"U S Bancorp"
"444","V","Visa Inc.","Financial Services","Credit Services",31.443237,535068300713,"Visa"
"445","VFC","V.F. Corporation","Consumer Cyclical","Apparel Manufacturing",58.9,7311007995,"V F"
"446","VICI","VICI Properties Inc.","Real Estate","REIT—Diversified",13.228216,32980883507,"VICI Prope."
"447","VLO","Valero Energy Corporation","Energy","Oil & Gas Refining & Marketing",4.433834,44258882460,"Valero Ene."
"448","VMC","Vulcan Materials Company (Holdi","Basic Materials","Building Materials",36.3216,30163587582,"Vulc. Ma. Ho."
"449","VRSK","Verisk Analytics, Inc.","Industrials","Consulting Services",44.814259,34631489243,"Verisk Ana."
"450","VRSN","VeriSign, Inc.","Technology","Software—Infrastructure",29.380884,21028516000,"VeriSign"
"451","VRTX","Vertex Pharmaceuticals Incorpor","Healthcare","Biotechnology",30.547297,104848710737,"Vert. Ph. or."
"452","VTR","Ventas, Inc.","Real Estate","REIT—Healthcare Facilities",2492,20054656430,"Ventas"
"453","VTRS","Viatris Inc.","Healthcare","Drug Manufacturers—Specialty & Generic",7.172185,12992436930,"Viatris"
"454","VZ","Verizon Communications Inc.","Communication Services","Telecom Services",7.585513,158494632544,"Veriz. Com."
"455","WAB","Westinghouse Air Brake Technolo","Industrials","Railroads",30.214286,22735297404,"West. Air Br."
"456","WAT","Waters Corporation","Healthcare","Diagnostics & Research",29.984517,19466374637,"Waters"
"457","WDC","Western Digital Corporation","Technology","Computer Hardware",10.87931,17072620000,"Weste. Dig."
"458","WEC","WEC Energy Group, Inc.","Utilities","Utilities—Regulated Electric",19.483796,26550124474,"WEC Energy"
"459","WELL","Welltower Inc.","Real Estate","REIT—Healthcare Facilities",170.132075,49906310640,"Welltower"
"460","WFC","Wells Fargo & Company","Financial Services","Banks—Diversified",10.746725,178749306723,"Wells Fargo"
"461","WHR","Whirlpool Corporation","Consumer Cyclical","Furnishings, Fixtures & Appliances",22.103125,6679451149,"Whirlpool"
"462","WM","Waste Management, Inc.","Industrials","Waste Management",31.699115,72137078975,"Waste Mana."
"463","WMB","Williams Companies, Inc. (The)","Energy","Oil & Gas Midstream",15.276316,42370648745,"Willi. Com."
"464","WMT","Walmart Inc.","Consumer Defensive","Discount Stores",31.425,440063130000,"Walmart"
"465","WRB","W.R. Berkley Corporation","Financial Services","Insurance—Property & Casualty",14.258065,18236710244,"W R Berkley"
"466","WRK","Westrock Company","Consumer Cyclical","Packaging & Containers",9.797428,10650201115,"Westrock"
"467","WST","West Pharmaceutical Services, I","Healthcare","Medical Instruments & Supplies",47.455526,26053242600,"West Ph. Ser."
"468","WTW","Willis Towers Watson Public Lim","Financial Services","Insurance Brokers",25.52381,24732182966,"Will. To. Wa."
"469","WY","Weyerhaeuser Company","Real Estate","REIT—Specialty",39.965517,25382134770,"Weyerhaeus."
"470","WYNN","Wynn Resorts, Limited","Consumer Cyclical","Resorts & Casinos",325.392857,10290509422,"Wynn Re. Lim."
"471","XEL","Xcel Energy Inc.","Utilities","Utilities—Regulated Electric",19.591772,34162948309,"Xcel Energy"
"472","XOM","Exxon Mobil Corporation","Energy","Oil & Gas Integrated",9.928501,399597511910,"Exxon Mobil"
"473","XYL","Xylem Inc.","Industrials","Specialty Industrial Machinery",46.677551,27569654920,"Xylem"
"474","YUM","Yum! Brands, Inc.","Consumer Cyclical","Restaurants",24.840304,36625071894,"Brands"
"475","ZBH","Zimmer Biomet Holdings, Inc.","Healthcare","Medical Devices",53.849558,25432952528,"Zimm. Bi. Ho."
"476","ZBRA","Zebra Technologies Corporation","Technology","Communication Equipment",30.539665,14038120561,"Zebra Tech."
"477","ZION","Zions Bancorporation N.A.","Financial Services","Banks—Regional",8.124074,6499287812,"Zions Ban N"
"478","ZTS","Zoetis Inc.","Healthcare","Drug Manufacturers—Specialty & Generic",40.197556,90615269192,"Zoetis"
